Punto;Distancia;x mE;y mN;z;join_Lito
1;0;355956.7714;2834366.287;780;Lutita-Arenisca
2;24.00084868;355976.7579;2834379.575;780;Lutita-Arenisca
3;48.00169735;355996.7444;2834392.864;780;Lutita-Arenisca
4;72.00254603;356016.7309;2834406.152;780;Lutita-Arenisca
5;96.00339471;356036.7174;2834419.44;780;Lutita-Arenisca
6;120.0042434;356056.7039;2834432.729;780;aluvion
7;144.0050921;356076.6905;2834446.017;780;aluvion
8;168.0059407;356096.677;2834459.305;780;aluvion
9;192.0067894;356116.6635;2834472.594;780;aluvion
10;216.0076381;356136.65;2834485.882;780;aluvion
11;240.0084868;356156.6365;2834499.17;780;aluvion
12;264.0093354;356176.6231;2834512.459;797.86;aluvion
13;288.0101841;356196.6096;2834525.747;800.42;aluvion
14;312.0110328;356216.5961;2834539.035;811.21;aluvion
15;336.0118815;356236.5826;2834552.324;813.51;aluvion
16;360.0127301;356256.5691;2834565.612;803.2;aluvion
17;384.0135788;356276.5556;2834578.9;799.78;aluvion
18;408.0144275;356296.5422;2834592.189;794.26;aluvion
19;432.0152762;356316.5287;2834605.477;789.97;aluvion
20;456.0161249;356336.5152;2834618.765;791.58;aluvion
21;480.0169735;356356.5017;2834632.054;792.6;aluvion
22;504.0178222;356376.4882;2834645.342;793.63;aluvion
23;528.0186709;356396.4748;2834658.63;796.38;aluvion
24;552.0195196;356416.4613;2834671.919;797.4;Caliza
25;576.0203682;356436.4478;2834685.207;798.43;Caliza
26;600.0212169;356456.4343;2834698.495;800;Caliza
27;624.0220656;356476.4208;2834711.784;800;Caliza
28;648.0229143;356496.4074;2834725.072;800.91;Caliza
29;672.0237629;356516.3939;2834738.36;803.94;Caliza
30;696.0246116;356536.3804;2834751.649;811.71;Caliza
31;720.0254603;356556.3669;2834764.937;818.69;Caliza
32;744.026309;356576.3534;2834778.225;821.49;Caliza
33;768.0271576;356596.3399;2834791.514;831.21;Caliza
34;792.0280063;356616.3265;2834804.802;836.74;Caliza
35;816.028855;356636.313;2834818.09;840;Caliza
36;840.0297037;356656.2995;2834831.379;837.28;Caliza
37;864.0305524;356676.286;2834844.667;823.45;Caliza
38;888.031401;356696.2725;2834857.955;824.7;Caliza
39;912.0322497;356716.2591;2834871.244;828.01;Caliza
40;936.0330984;356736.2456;2834884.532;828.41;Caliza
41;960.0339471;356756.2321;2834897.82;831.93;Caliza
42;984.0347957;356776.2186;2834911.109;832.33;Caliza
43;1008.035644;356796.2051;2834924.397;835.73;Caliza
44;1032.036493;356816.1916;2834937.685;838.09;Caliza
45;1056.037342;356836.1782;2834950.974;842.33;Caliza
46;1080.03819;356856.1647;2834964.262;846.64;Caliza
47;1104.039039;356876.1512;2834977.55;849.11;Caliza
48;1128.039888;356896.1377;2834990.839;853.43;Caliza
49;1152.040736;356916.1242;2835004.127;857.76;Caliza
50;1176.041585;356936.1108;2835017.415;860;Caliza
51;1200.042434;356956.0973;2835030.704;863.01;Caliza
52;1224.043282;356976.0838;2835043.992;869.24;Caliza
53;1248.044131;356996.0703;2835057.28;872.93;Caliza
54;1272.04498;357016.0568;2835070.569;879.26;Caliza
55;1296.045829;357036.0433;2835083.857;884.31;Caliza
56;1320.046677;357056.0299;2835097.145;889.45;Caliza
57;1344.047526;357076.0164;2835110.434;895.67;Caliza
58;1368.048375;357096.0029;2835123.722;902.62;Lutita-Arenisca
59;1392.049223;357115.9894;2835137.01;907.43;Lutita-Arenisca
60;1416.050072;357135.9759;2835150.299;914.99;Lutita-Arenisca
61;1440.050921;357155.9625;2835163.587;923.38;Lutita-Arenisca
62;1464.051769;357175.949;2835176.875;928.22;Lutita-Arenisca
63;1488.052618;357195.9355;2835190.164;936.99;Lutita-Arenisca
64;1512.053467;357215.922;2835203.452;946.41;Lutita-Arenisca
65;1536.054315;357235.9085;2835216.74;950.55;Lutita-Arenisca
66;1560.055164;357255.8951;2835230.029;959.5;Lutita-Arenisca
67;1584.056013;357275.8816;2835243.317;969.87;Lutita-Arenisca
68;1608.056861;357295.8681;2835256.605;974.67;Lutita-Arenisca
69;1632.05771;357315.8546;2835269.894;986.69;Lutita-Arenisca
70;1656.058559;357335.8411;2835283.182;1000.98;Lutita-Arenisca
71;1680.059407;357355.8276;2835296.47;1009.47;Lutita-Arenisca
72;1704.060256;357375.8142;2835309.759;1023.97;Lutita-Arenisca
73;1728.061105;357395.8007;2835323.047;1038.32;Lutita-Arenisca
74;1752.061953;357415.7872;2835336.335;1051.06;Caliza
75;1776.062802;357435.7737;2835349.624;1067.83;Caliza
76;1800.063651;357455.7602;2835362.912;1084.85;Caliza
77;1824.064499;357475.7468;2835376.2;1096.67;Caliza
78;1848.065348;357495.7333;2835389.489;1116.08;Caliza
79;1872.066197;357515.7198;2835402.777;1139.05;Caliza
80;1896.067045;357535.7063;2835416.065;1156.75;Caliza
81;1920.067894;357555.6928;2835429.354;1184.96;Caliza
82;1944.068743;357575.6793;2835442.642;1219.18;Caliza
83;1968.069591;357595.6659;2835455.93;1237.81;Caliza
84;1992.07044;357615.6524;2835469.219;1275.09;Caliza
85;2016.071289;357635.6389;2835482.507;1314.55;Caliza
86;2040.072137;357655.6254;2835495.795;1331.51;Caliza
87;2064.072986;357675.6119;2835509.084;1379.42;Caliza
88;2088.073835;357695.5985;2835522.372;1435.87;Caliza
89;2112.074684;357715.585;2835535.66;1458.45;Caliza
90;2136.075532;357735.5715;2835548.949;1516.59;Caliza
91;2160.076381;357755.558;2835562.237;1570.64;Caliza
92;2184.07723;357775.5445;2835575.525;1590.8;Caliza
93;2208.078078;357795.5311;2835588.814;1637.05;Caliza
94;2232.078927;357815.5176;2835602.102;1676.39;Caliza
95;2256.079776;357835.5041;2835615.39;1683.29;Caliza
96;2280.080624;357855.4906;2835628.679;1693;Caliza
97;2304.081473;357875.4771;2835641.967;1681.16;Caliza
98;2328.082322;357895.4636;2835655.255;1671.08;Caliza
99;2352.08317;357915.4502;2835668.544;1653.54;Caliza
100;2376.084019;357935.4367;2835681.832;1634.32;Caliza
101;2400.084868;357955.4232;2835695.12;1627.97;Caliza
102;2424.085716;357975.4097;2835708.409;1608.31;Caliza
103;2448.086565;357995.3962;2835721.697;1586.66;Caliza
104;2472.087414;358015.3828;2835734.985;1580.74;Caliza
105;2496.088262;358035.3693;2835748.274;1557.67;Caliza
106;2520.089111;358055.3558;2835761.562;1532.65;Caliza
107;2544.08996;358075.3423;2835774.85;1527.6;Caliza
108;2568.090808;358095.3288;2835788.139;1504.25;Caliza
109;2592.091657;358115.3153;2835801.427;1483.81;Caliza
110;2616.092506;358135.3019;2835814.715;1480.41;Caliza
111;2640.093354;358155.2884;2835828.004;1461.11;Caliza
112;2664.094203;358175.2749;2835841.292;1441.77;Caliza
113;2688.095052;358195.2614;2835854.58;1435.37;Caliza
114;2712.0959;358215.2479;2835867.869;1413.62;Caliza
115;2736.096749;358235.2345;2835881.157;1391.87;Caliza
116;2760.097598;358255.221;2835894.445;1383.88;Caliza
117;2784.098446;358275.2075;2835907.734;1360.32;Caliza
118;2808.099295;358295.194;2835921.022;1336.03;Caliza
119;2832.100144;358315.1805;2835934.31;1326.57;Caliza
120;2856.100992;358335.167;2835947.599;1302.12;Caliza
121;2880.101841;358355.1536;2835960.887;1277.76;Caliza
122;2904.10269;358375.1401;2835974.175;1270.66;Caliza
123;2928.103539;358395.1266;2835987.464;1252.03;Caliza
124;2952.104387;358415.1131;2836000.752;1235.69;Caliza
125;2976.105236;358435.0996;2836014.04;1235.74;Caliza
126;3000.106085;358455.0862;2836027.329;1214.71;Caliza
127;3024.106933;358475.0727;2836040.617;1192.82;Caliza
128;3048.107782;358495.0592;2836053.905;1185.34;lutita-limolita-cali
129;3072.108631;358515.0457;2836067.194;1165.21;lutita-limolita-cali
130;3096.109479;358535.0322;2836080.482;1144.88;lutita-limolita-cali
131;3120.110328;358555.0188;2836093.77;1137.29;lutita-limolita-cali
132;3144.111177;358575.0053;2836107.059;1118.94;lutita-limolita-cali
133;3168.112025;358594.9918;2836120.347;1101.64;lutita-limolita-cali
134;3192.112874;358614.9783;2836133.635;1096.05;lutita-limolita-cali
135;3216.113723;358634.9648;2836146.924;1079.41;lutita-limolita-cali
136;3240.114571;358654.9513;2836160.212;1062.78;lutita-limolita-cali
137;3264.11542;358674.9379;2836173.5;1059.25;lutita-limolita-cali
138;3288.116269;358694.9244;2836186.789;1048.29;lutita-limolita-cali
139;3312.117117;358714.9109;2836200.077;1037.76;lutita-limolita-cali
140;3336.117966;358734.8974;2836213.365;1037.14;lutita-limolita-cali
141;3360.118815;358754.8839;2836226.654;1031.43;lutita-limolita-cali
142;3384.119663;358774.8705;2836239.942;1025.04;lutita-limolita-cali
143;3408.120512;358794.857;2836253.23;1024.63;lutita-limolita-cali
144;3432.121361;358814.8435;2836266.519;1019.88;lutita-limolita-cali
145;3456.122209;358834.83;2836279.807;1016.73;lutita-limolita-cali
146;3480.123058;358854.8165;2836293.095;1017.24;lutita-marga
147;3504.123907;358874.803;2836306.384;1015.3;lutita-marga
148;3528.124755;358894.7896;2836319.672;1013.78;lutita-marga
149;3552.125604;358914.7761;2836332.96;1014.51;lutita-marga
150;3576.126453;358934.7626;2836346.249;1011.42;lutita-marga
151;3600.127301;358954.7491;2836359.537;1009.42;lutita-marga
152;3624.12815;358974.7356;2836372.825;1004.04;lutita-marga
153;3648.128999;358994.7222;2836386.114;1000;lutita-marga
154;3672.129847;359014.7087;2836399.402;1000;lutita-marga
155;3696.130696;359034.6952;2836412.69;997.5;lutita-marga
156;3720.131545;359054.6817;2836425.979;996.78;lutita-marga
157;3744.132394;359074.6682;2836439.267;1003.65;lutita-marga
158;3768.133242;359094.6547;2836452.555;1003.33;lutita-marga
159;3792.134091;359114.6413;2836465.844;1001.05;lutita-marga
160;3816.13494;359134.6278;2836479.132;1001.85;lutita-marga
161;3840.135788;359154.6143;2836492.42;997.06;lutita-marga
162;3864.136637;359174.6008;2836505.709;991.9;lutita-marga
163;3888.137486;359194.5873;2836518.997;991.65;lutita-marga
164;3912.138334;359214.5739;2836532.285;986.77;lutita-marga
165;3936.139183;359234.5604;2836545.574;980.4;lutita-marga
166;3960.140032;359254.5469;2836558.862;980.11;lutita-marga
167;3984.14088;359274.5334;2836572.15;972.25;lutita-marga
168;4008.141729;359294.5199;2836585.439;963.65;lutita-marga
169;4032.142578;359314.5065;2836598.727;960.66;lutita-marga
170;4056.143426;359334.493;2836612.015;947.54;lutita-marga
171;4080.144275;359354.4795;2836625.304;935.27;lutita-marga
172;4104.145124;359374.466;2836638.592;930.56;lutita-marga
173;4128.145972;359394.4525;2836651.88;918.37;lutita-marga
174;4152.146821;359414.439;2836665.169;905.51;lutita-marga
175;4176.14767;359434.4256;2836678.457;902.83;lutita-marga
176;4200.148518;359454.4121;2836691.745;889.8;lutita-marga
177;4224.149367;359474.3986;2836705.034;877.16;lutita-marga
178;4248.150216;359494.3851;2836718.322;875;lutita-marga
179;4272.151064;359514.3716;2836731.61;863.07;lutita-marga
180;4296.151913;359534.3582;2836744.899;852.21;lutita-marga
181;4320.152762;359554.3447;2836758.187;853.31;lutita-marga
182;4344.15361;359574.3312;2836771.475;845.32;lutita-marga
183;4368.154459;359594.3177;2836784.764;839.44;lutita-marga
184;4392.155308;359614.3042;2836798.052;840.1;lutita-marga
185;4416.156156;359634.2907;2836811.34;836.07;lutita-marga
186;4440.157005;359654.2773;2836824.629;831.06;lutita-marga
187;4464.157854;359674.2638;2836837.917;829.21;lutita-marga
188;4488.158702;359694.2503;2836851.205;822.52;lutita-marga
189;4512.159551;359714.2368;2836864.494;811.99;lutita-marga
190;4536.1604;359734.2233;2836877.782;803.16;lutita-marga
191;4560.161249;359754.2099;2836891.07;791.4;lutita-marga
192;4584.162097;359774.1964;2836904.359;780.52;lutita-marga
193;4608.162946;359794.1829;2836917.647;772.53;lutita-marga
194;4632.163795;359814.1694;2836930.935;763.78;lutita-marga
195;4656.164643;359834.1559;2836944.224;756.33;lutita-marga
196;4680.165492;359854.1425;2836957.512;751.27;lutita-marga
197;4704.166341;359874.129;2836970.8;745.04;lutita-marga
198;4728.167189;359894.1155;2836984.089;739.36;lutita-marga
199;4752.168038;359914.102;2836997.377;736.65;lutita-marga
200;4776.168887;359934.0885;2837010.665;733.29;lutita-marga
201;4800.169735;359954.075;2837023.954;729.93;lutita-marga
202;4824.170584;359974.0616;2837037.242;727.22;lutita-marga
203;4848.171433;359994.0481;2837050.53;723.86;lutita-marga
204;4872.172281;360014.0346;2837063.819;719.59;lutita-marga
205;4896.17313;360034.0211;2837077.107;718.27;lutita-marga
206;4920.173979;360054.0076;2837090.395;715.02;lutita-marga
207;4944.174827;360073.9942;2837103.684;711.76;lutita-marga
208;4968.175676;360093.9807;2837116.972;710.46;aluvion
209;4992.176525;360113.9672;2837130.26;707.09;aluvion
210;5016.177373;360133.9537;2837143.549;703.72;aluvion
211;5040.178222;360153.9402;2837156.837;702.06;aluvion
212;5064.179071;360173.9267;2837170.125;699.01;aluvion
213;5088.179919;360193.9133;2837183.414;696.73;aluvion
214;5112.180768;360213.8998;2837196.702;695.6;aluvion
215;5136.181617;360233.8863;2837209.99;693.34;aluvion
216;5160.182465;360253.8728;2837223.279;691.07;aluvion
217;5184.183314;360273.8593;2837236.567;689.92;aluvion
218;5208.184163;360293.8459;2837249.855;687.67;aluvion
219;5232.185011;360313.8324;2837263.144;685.42;aluvion
220;5256.18586;360333.8189;2837276.432;684.35;aluvion
221;5280.186709;360353.8054;2837289.72;682.1;aluvion
222;5304.187557;360373.7919;2837303.009;679.86;aluvion
223;5328.188406;360393.7784;2837316.297;679.13;aluvion
224;5352.189255;360413.765;2837329.585;677.27;aluvion
225;5376.190104;360433.7515;2837342.874;675.42;aluvion
226;5400.190952;360453.738;2837356.162;674.92;aluvion
227;5424.191801;360473.7245;2837369.45;673.17;aluvion
228;5448.19265;360493.711;2837382.739;671.38;aluvion
229;5472.193498;360513.6976;2837396.027;670.77;aluvion
230;5496.194347;360533.6841;2837409.315;668.98;aluvion
231;5520.195196;360553.6706;2837422.604;667.19;aluvion
232;5544.196044;360573.6571;2837435.892;666.58;aluvion
233;5568.196893;360593.6436;2837449.18;664.79;aluvion
234;5592.197742;360613.6302;2837462.469;662.99;aluvion
235;5616.19859;360633.6167;2837475.757;662.39;aluvion
236;5640.199439;360653.6032;2837489.045;660.59;aluvion
237;5664.200288;360673.5897;2837502.334;659.1;aluvion
238;5688.201136;360693.5762;2837515.622;658.16;aluvion
239;5712.201985;360713.5627;2837528.91;656.72;aluvion
240;5736.202834;360733.5493;2837542.199;655.28;aluvion
241;5760.203682;360753.5358;2837555.487;654.34;aluvion
242;5784.204531;360773.5223;2837568.775;652.9;aluvion
243;5808.20538;360793.5088;2837582.064;651.46;aluvion
244;5832.206228;360813.4953;2837595.352;650.52;aluvion
245;5856.207077;360833.4819;2837608.64;649.08;aluvion
246;5880.207926;360853.4684;2837621.929;647.63;aluvion
247;5904.208774;360873.4549;2837635.217;646.7;aluvion
248;5928.209623;360893.4414;2837648.505;645.26;aluvion
249;5952.210472;360913.4279;2837661.794;643.81;aluvion
250;5976.21132;360933.4144;2837675.082;642.88;aluvion
251;6000.212169;360953.401;2837688.37;641.43;aluvion
252;6024.213018;360973.3875;2837701.659;640;aluvion
253;6048.213866;360993.374;2837714.947;640;aluvion
254;6072.214715;361013.3605;2837728.235;640;aluvion
255;6096.215564;361033.347;2837741.524;639.62;aluvion
256;6120.216412;361053.3336;2837754.812;639.16;aluvion
257;6144.217261;361073.3201;2837768.1;638.1;aluvion
258;6168.21811;361093.3066;2837781.389;637.04;aluvion
259;6192.218959;361113.2931;2837794.677;636.58;aluvion
260;6216.219807;361133.2796;2837807.965;635.52;aluvion
261;6240.220656;361153.2661;2837821.254;634.46;aluvion
262;6264.221505;361173.2527;2837834.542;634;aluvion
263;6288.222353;361193.2392;2837847.83;632.94;aluvion
264;6312.223202;361213.2257;2837861.119;631.88;aluvion
265;6336.224051;361233.2122;2837874.407;631.33;aluvion
266;6360.224899;361253.1987;2837887.695;630.16;aluvion
267;6384.225748;361273.1853;2837900.984;628.99;aluvion
268;6408.226597;361293.1718;2837914.272;628.36;aluvion
269;6432.227445;361313.1583;2837927.56;627.18;aluvion
270;6456.228294;361333.1448;2837940.849;626.01;aluvion
271;6480.229143;361353.1313;2837954.137;625.38;aluvion
272;6504.229991;361373.1179;2837967.425;624.21;aluvion
273;6528.23084;361393.1044;2837980.714;623.03;aluvion
274;6552.231689;361413.0909;2837994.002;622.4;aluvion
275;6576.232537;361433.0774;2838007.29;621.23;aluvion
276;6600.233386;361453.0639;2838020.579;620.06;aluvion
277;6624.234235;361473.0504;2838033.867;620;aluvion
278;6648.235083;361493.037;2838047.155;620;aluvion
279;6672.235932;361513.0235;2838060.444;620;aluvion
280;6696.236781;361533.01;2838073.732;620;aluvion
281;6720.237629;361552.9965;2838087.02;619.52;aluvion
282;6744.238478;361572.983;2838100.309;618.81;aluvion
283;6768.239327;361592.9696;2838113.597;618.46;aluvion
284;6792.240175;361612.9561;2838126.885;617.75;aluvion
285;6816.241024;361632.9426;2838140.174;617.04;aluvion
286;6840.241873;361652.9291;2838153.462;616.69;aluvion
287;6864.242721;361672.9156;2838166.75;615.98;aluvion
288;6888.24357;361692.9021;2838180.039;615.27;aluvion
289;6912.244419;361712.8887;2838193.327;614.92;aluvion
290;6936.245267;361732.8752;2838206.615;614.21;aluvion
291;6960.246116;361752.8617;2838219.904;613.5;aluvion
292;6984.246965;361772.8482;2838233.192;613.17;aluvion
293;7008.247814;361792.8347;2838246.48;612.55;aluvion
294;7032.248662;361812.8213;2838259.769;611.93;aluvion
295;7056.249511;361832.8078;2838273.057;611.74;aluvion
296;7080.25036;361852.7943;2838286.345;611.13;aluvion
297;7104.251208;361872.7808;2838299.634;610.52;aluvion
298;7128.252057;361892.7673;2838312.922;610.36;aluvion
299;7152.252906;361912.7539;2838326.21;609.78;aluvion
300;7176.253754;361932.7404;2838339.499;609.19;aluvion
301;7200.254603;361952.7269;2838352.787;609.06;aluvion
302;7224.255452;361972.7134;2838366.075;608.47;aluvion
303;7248.2563;361992.6999;2838379.364;607.88;aluvion
304;7272.257149;362012.6864;2838392.652;607.59;aluvion
305;7296.257998;362032.673;2838405.94;606.84;aluvion
306;7320.258846;362052.6595;2838419.229;606.09;aluvion
307;7344.259695;362072.646;2838432.517;605.74;aluvion
308;7368.260544;362092.6325;2838445.805;604.99;aluvion
309;7392.261392;362112.619;2838459.094;604.24;aluvion
310;7416.262241;362132.6056;2838472.382;603.89;aluvion
311;7440.26309;362152.5921;2838485.67;603.13;aluvion
312;7464.263938;362172.5786;2838498.959;602.38;aluvion
313;7488.264787;362192.5651;2838512.247;602.03;aluvion
314;7512.265636;362212.5516;2838525.535;601.28;aluvion
315;7536.266484;362232.5381;2838538.824;600.53;aluvion
316;7560.267333;362252.5247;2838552.112;600.18;aluvion
317;7584.268182;362272.5112;2838565.4;600;aluvion
318;7608.26903;362292.4977;2838578.689;600;aluvion
319;7632.269879;362312.4842;2838591.977;600;aluvion
320;7656.270728;362332.4707;2838605.265;600;aluvion
321;7680.271576;362352.4573;2838618.554;600;aluvion
322;7704.272425;362372.4438;2838631.842;600;aluvion
323;7728.273274;362392.4303;2838645.13;599.94;aluvion
324;7752.274122;362412.4168;2838658.419;599.71;aluvion
325;7776.274971;362432.4033;2838671.707;599.12;aluvion
326;7800.27582;362452.3898;2838684.995;598.53;aluvion
327;7824.276669;362472.3764;2838698.284;598.36;aluvion
328;7848.277517;362492.3629;2838711.572;597.89;aluvion
329;7872.278366;362512.3494;2838724.86;597.43;aluvion
330;7896.279215;362532.3359;2838738.149;597.35;aluvion
331;7920.280063;362552.3224;2838751.437;596.88;aluvion
332;7944.280912;362572.309;2838764.725;596.37;aluvion
333;7968.281761;362592.2955;2838778.014;596.13;aluvion
334;7992.282609;362612.282;2838791.302;595.62;aluvion
335;8016.283458;362632.2685;2838804.59;595.11;aluvion
336;8040.284307;362652.255;2838817.879;594.86;aluvion
337;8064.285155;362672.2416;2838831.167;594.36;aluvion
338;8088.286004;362692.2281;2838844.455;593.85;aluvion
339;8112.286853;362712.2146;2838857.744;593.6;aluvion
340;8136.287701;362732.2011;2838871.032;593.09;aluvion
341;8160.28855;362752.1876;2838884.32;592.58;aluvion
342;8184.289399;362772.1741;2838897.609;592.34;aluvion
343;8208.290247;362792.1607;2838910.897;591.83;aluvion
344;8232.291096;362812.1472;2838924.185;591.32;aluvion
345;8256.291945;362832.1337;2838937.474;591.16;aluvion
346;8280.292793;362852.1202;2838950.762;590.68;aluvion
347;8304.293642;362872.1067;2838964.05;590.19;aluvion
348;8328.294491;362892.0933;2838977.339;589.98;aluvion
349;8352.295339;362912.0798;2838990.627;589.5;aluvion
350;8376.296188;362932.0663;2839003.915;589.01;aluvion
351;8400.297037;362952.0528;2839017.204;588.81;aluvion
352;8424.297885;362972.0393;2839030.492;588.32;aluvion
353;8448.298734;362992.0258;2839043.78;587.83;aluvion
354;8472.299583;363012.0124;2839057.069;587.67;aluvion
355;8496.300431;363031.9989;2839070.357;587.24;aluvion
356;8520.30128;363051.9854;2839083.645;586.82;aluvion
357;8544.302129;363071.9719;2839096.934;586.71;aluvion
358;8568.302977;363091.9584;2839110.222;586.48;aluvion
359;8592.303826;363111.945;2839123.51;586.89;aluvion
360;8616.304675;363131.9315;2839136.799;587.74;aluvion
361;8640.305524;363151.918;2839150.087;588.15;aluvion
362;8664.306372;363171.9045;2839163.375;588.56;aluvion
363;8688.307221;363191.891;2839176.664;589.41;aluvion
364;8712.30807;363211.8775;2839189.952;589.82;aluvion
365;8736.308918;363231.8641;2839203.24;590.23;aluvion
366;8760.309767;363251.8506;2839216.529;591.08;aluvion
367;8784.310616;363271.8371;2839229.817;591.49;aluvion
368;8808.311464;363291.8236;2839243.105;591.9;aluvion
369;8832.312313;363311.8101;2839256.394;592.75;aluvion
370;8856.313162;363331.7967;2839269.682;593.16;aluvion
371;8880.31401;363351.7832;2839282.97;593.57;aluvion
372;8904.314859;363371.7697;2839296.259;594.43;aluvion
373;8928.315708;363391.7562;2839309.547;594.83;aluvion
374;8952.316556;363411.7427;2839322.835;595.24;aluvion
375;8976.317405;363431.7293;2839336.124;596.1;aluvion
376;9000.318254;363451.7158;2839349.412;596.51;aluvion
377;9024.319102;363471.7023;2839362.7;596.92;aluvion
378;9048.319951;363491.6888;2839375.989;597.77;aluvion
379;9072.3208;363511.6753;2839389.277;600.28;aluvion
380;9096.321648;363531.6618;2839402.565;606.07;aluvion
381;9120.322497;363551.6484;2839415.854;608.6;aluvion
382;9144.323346;363571.6349;2839429.142;614.43;aluvion
383;9168.324194;363591.6214;2839442.43;620.53;Lutita-Caliza
384;9192.325043;363611.6079;2839455.719;626.86;Lutita-Caliza
385;9216.325892;363631.5944;2839469.007;636.42;Lutita-Caliza
386;9240.32674;363651.581;2839482.295;646.93;Lutita-Caliza
387;9264.327589;363671.5675;2839495.584;651.27;Lutita-Caliza
388;9288.328438;363691.554;2839508.872;660;Lutita-Caliza
389;9312.329286;363711.5405;2839522.16;660;Lutita-Caliza
390;9336.330135;363731.527;2839535.449;660;Lutita-Caliza
391;9360.330984;363751.5135;2839548.737;650.77;Lutita-Caliza
392;9384.331832;363771.5001;2839562.025;638.47;Lutita-Caliza
393;9408.332681;363791.4866;2839575.314;633.4;Lutita-Caliza
394;9432.33353;363811.4731;2839588.602;621.48;Lutita-Caliza
395;9456.334379;363831.4596;2839601.89;613.04;Lutita-Caliza
396;9480.335227;363851.4461;2839615.179;609.53;Lutita-Caliza
397;9504.336076;363871.4327;2839628.467;601.49;Lutita-Caliza
398;9528.336925;363891.4192;2839641.755;597.56;Lutita-Caliza
399;9552.337773;363911.4057;2839655.044;596.19;Lutita-Caliza
400;9576.338622;363931.3922;2839668.332;593.2;Lutita-Caliza
401;9600.339471;363951.3787;2839681.62;590.22;Lutita-Caliza
402;9624.340319;363971.3653;2839694.909;588.95;Lutita-Caliza
403;9648.341168;363991.3518;2839708.197;585.98;Lutita-Caliza
404;9672.342017;364011.3383;2839721.485;583.01;Lutita-Caliza
405;9696.342865;364031.3248;2839734.774;581.69;Lutita-Caliza
406;9720.343714;364051.3113;2839748.062;579.31;Lutita-Caliza
407;9744.344563;364071.2978;2839761.35;577.41;Lutita-Caliza
408;9768.345411;364091.2844;2839774.639;576.83;Lutita-Caliza
409;9792.34626;364111.2709;2839787.927;574.94;aluvion
410;9816.347109;364131.2574;2839801.215;573.16;aluvion
411;9840.347957;364151.2439;2839814.504;572.73;aluvion
412;9864.348806;364171.2304;2839827.792;570.87;aluvion
413;9888.349655;364191.217;2839841.08;569.03;aluvion
414;9912.350503;364211.2035;2839854.369;568.5;aluvion
415;9936.351352;364231.19;2839867.657;566.65;aluvion
416;9960.352201;364251.1765;2839880.945;564.8;aluvion
417;9984.353049;364271.163;2839894.234;564.25;aluvion
418;10008.3539;364291.1495;2839907.522;562.33;aluvion
419;10032.35475;364311.1361;2839920.81;560.39;aluvion
420;10056.3556;364331.1226;2839934.099;560;aluvion
421;10080.35644;364351.1091;2839947.387;560;aluvion
422;10104.35729;364371.0956;2839960.675;560;aluvion
423;10128.35814;364391.0821;2839973.964;560;aluvion
424;10152.35899;364411.0687;2839987.252;560;aluvion
425;10176.35984;364431.0552;2840000.54;560;aluvion
426;10200.36069;364451.0417;2840013.829;560;aluvion
427;10224.36154;364471.0282;2840027.117;561.55;aluvion
428;10248.36238;364491.0147;2840040.405;563.53;aluvion
429;10272.36323;364511.0012;2840053.694;564.22;aluvion
430;10296.36408;364530.9878;2840066.982;566.2;aluvion
431;10320.36493;364550.9743;2840080.271;568.17;aluvion
432;10344.36578;364570.9608;2840093.559;568.32;aluvion
433;10368.36663;364590.9473;2840106.847;570.68;aluvion
434;10392.36748;364610.9338;2840120.136;573.22;aluvion
435;10416.36833;364630.9204;2840133.424;573.55;aluvion
436;10440.36917;364650.9069;2840146.712;576.23;aluvion
437;10464.37002;364670.8934;2840160.001;578.93;aluvion
438;10488.37087;364690.8799;2840173.289;579.17;aluvion
439;10512.37172;364710.8664;2840186.577;580;aluvion
440;10536.37257;364730.853;2840199.866;580.15;aluvion
441;10560.37342;364750.8395;2840213.154;580.52;aluvion
442;10584.37427;364770.826;2840226.442;583.14;aluvion
443;10608.37511;364790.8125;2840239.731;586.59;aluvion
444;10632.37596;364810.799;2840253.019;587.68;aluvion
445;10656.37681;364830.7855;2840266.307;591.13;aluvion
446;10680.37766;364850.7721;2840279.596;594.58;aluvion
447;10704.37851;364870.7586;2840292.884;595.66;aluvion
448;10728.37936;364890.7451;2840306.172;599.12;aluvion
449;10752.38021;364910.7316;2840319.461;605.56;aluvion
450;10776.38106;364930.7181;2840332.749;608.19;aluvion
451;10800.3819;364950.7047;2840346.037;616.19;aluvion
452;10824.38275;364970.6912;2840359.326;626.14;aluvion
453;10848.3836;364990.6777;2840372.614;630.54;aluvion
454;10872.38445;365010.6642;2840385.902;640;aluvion
455;10896.3853;365030.6507;2840399.191;640;Lutita-Caliza
456;10920.38615;365050.6372;2840412.479;640;Lutita-Caliza
457;10944.387;365070.6238;2840425.767;635.12;Lutita-Caliza
458;10968.38785;365090.6103;2840439.056;622.04;Lutita-Caliza
459;10992.38869;365110.5968;2840452.344;615.98;Lutita-Caliza
460;11016.38954;365130.5833;2840465.632;605.35;Lutita-Caliza
461;11040.39039;365150.5698;2840478.921;597.16;Lutita-Caliza
462;11064.39124;365170.5564;2840492.209;593.75;Lutita-Caliza
463;11088.39209;365190.5429;2840505.497;588;Lutita-Caliza
464;11112.39294;365210.5294;2840518.786;582.24;Lutita-Caliza
465;11136.39379;365230.5159;2840532.074;579.52;Lutita-Caliza
466;11160.39463;365250.5024;2840545.362;577.15;Lutita-Caliza
467;11184.39548;365270.4889;2840558.651;574.78;Lutita-Caliza
468;11208.39633;365290.4755;2840571.939;573.37;Lutita-Caliza
469;11232.39718;365310.462;2840585.227;571.08;Lutita-Caliza
470;11256.39803;365330.4485;2840598.516;568.74;Lutita-Caliza
471;11280.39888;365350.435;2840611.804;567.38;Lutita-Caliza
472;11304.39973;365370.4215;2840625.092;565;aluvion
473;11328.40058;365390.4081;2840638.381;562.63;aluvion
474;11352.40142;365410.3946;2840651.669;561.27;aluvion
475;11376.40227;365430.3811;2840664.957;560;aluvion
476;11400.40312;365450.3676;2840678.246;560;aluvion
477;11424.40397;365470.3541;2840691.534;560;aluvion
478;11448.40482;365490.3407;2840704.822;560;aluvion
479;11472.40567;365510.3272;2840718.111;560;aluvion
480;11496.40652;365530.3137;2840731.399;560;aluvion
481;11520.40736;365550.3002;2840744.687;560;aluvion
482;11544.40821;365570.2867;2840757.976;560;aluvion
483;11568.40906;365590.2732;2840771.264;560;aluvion
484;11592.40991;365610.2598;2840784.552;560;aluvion
485;11616.41076;365630.2463;2840797.841;560;aluvion
486;11640.41161;365650.2328;2840811.129;559.53;aluvion
487;11664.41246;365670.2193;2840824.417;558.77;aluvion
488;11688.41331;365690.2058;2840837.706;558.01;aluvion
489;11712.41415;365710.1924;2840850.994;557.24;aluvion
490;11736.415;365730.1789;2840864.282;556.48;aluvion
491;11760.41585;365750.1654;2840877.571;555.72;aluvion
492;11784.4167;365770.1519;2840890.859;555.34;aluvion
493;11808.41755;365790.1384;2840904.147;554.97;aluvion
494;11832.4184;365810.1249;2840917.436;554.51;aluvion
495;11856.41925;365830.1115;2840930.724;554.13;aluvion
496;11880.42009;365850.098;2840944.012;553.76;aluvion
497;11904.42094;365870.0845;2840957.301;553.03;aluvion
498;11928.42179;365890.071;2840970.589;552.25;aluvion
499;11952.42264;365910.0575;2840983.877;551.48;aluvion
500;11976.42349;365930.0441;2840997.166;550.69;aluvion
501;12000.42434;365950.0306;2841010.454;549.91;aluvion
502;12024.42519;365970.0171;2841023.742;549.14;aluvion
503;12048.42604;365990.0036;2841037.031;548.35;aluvion
504;12072.42688;366009.9901;2841050.319;547.58;aluvion
505;12096.42773;366029.9767;2841063.607;546.8;aluvion
506;12120.42858;366049.9632;2841076.896;546.01;aluvion
507;12144.42943;366069.9497;2841090.184;545.24;aluvion
508;12168.43028;366089.9362;2841103.472;544.46;aluvion
509;12192.43113;366109.9227;2841116.761;543.68;aluvion
510;12216.43198;366129.9092;2841130.049;542.9;aluvion
511;12240.43282;366149.8958;2841143.337;542.12;aluvion
512;12264.43367;366169.8823;2841156.626;541.34;aluvion
513;12288.43452;366189.8688;2841169.914;540.56;aluvion
514;12312.43537;366209.8553;2841183.202;547.74;aluvion
515;12336.43622;366229.8418;2841196.491;547.65;aluvion
516;12360.43707;366249.8284;2841209.779;547.65;aluvion
517;12384.43792;366269.8149;2841223.067;547.66;aluvion
518;12408.43877;366289.8014;2841236.356;547.57;aluvion
519;12432.43961;366309.7879;2841249.644;547.57;aluvion
520;12456.44046;366329.7744;2841262.932;547.57;aluvion
521;12480.44131;366349.7609;2841276.221;547.48;aluvion
522;12504.44216;366369.7475;2841289.509;547.41;aluvion
523;12528.44301;366389.734;2841302.797;547.35;aluvion
524;12552.44386;366409.7205;2841316.086;547.24;aluvion
525;12576.44471;366429.707;2841329.374;547.36;aluvion
526;12600.44556;366449.6935;2841342.662;547.14;aluvion
527;12624.4464;366469.6801;2841355.951;546.9;aluvion
528;12648.44725;366489.6666;2841369.239;546.68;aluvion
529;12672.4481;366509.6531;2841382.527;546.46;aluvion
530;12696.44895;366529.6396;2841395.816;546.22;aluvion
531;12720.4498;366549.6261;2841409.104;546;aluvion
532;12744.45065;366569.6126;2841422.392;545.77;aluvion
533;12768.4515;366589.5992;2841435.681;545.53;aluvion
534;12792.45234;366609.5857;2841448.969;545.31;aluvion
535;12816.45319;366629.5722;2841462.257;545.09;aluvion
536;12840.45404;366649.5587;2841475.546;544.85;aluvion
537;12864.45489;366669.5452;2841488.834;544.63;aluvion
538;12888.45574;366689.5318;2841502.122;544.4;aluvion
539;12912.45659;366709.5183;2841515.411;544.16;aluvion
540;12936.45744;366729.5048;2841528.699;543.94;aluvion
541;12960.45829;366749.4913;2841541.987;543.83;aluvion
542;12984.45913;366769.4778;2841555.276;543.64;aluvion
543;13008.45998;366789.4644;2841568.564;543.39;aluvion
544;13032.46083;366809.4509;2841581.852;543.1;aluvion
545;13056.46168;366829.4374;2841595.141;542.84;aluvion
546;13080.46253;366849.4239;2841608.429;542.56;aluvion
547;13104.46338;366869.4104;2841621.717;542.27;aluvion
548;13128.46423;366889.3969;2841635.006;542.01;aluvion
549;13152.46507;366909.3835;2841648.294;541.72;aluvion
550;13176.46592;366929.37;2841661.582;541.44;aluvion
551;13200.46677;366949.3565;2841674.871;541.18;aluvion
552;13224.46762;366969.343;2841688.159;540.89;aluvion
553;13248.46847;366989.3295;2841701.447;540.61;aluvion
554;13272.46932;367009.3161;2841714.736;540.34;aluvion
555;13296.47017;367029.3026;2841728.024;540.06;aluvion
556;13320.47102;367049.2891;2841741.312;540;aluvion
557;13344.47186;367069.2756;2841754.601;540;aluvion
558;13368.47271;367089.2621;2841767.889;540;aluvion
559;13392.47356;367109.2486;2841781.177;540;aluvion
560;13416.47441;367129.2352;2841794.466;540;aluvion
561;13440.47526;367149.2217;2841807.754;540;aluvion
562;13464.47611;367169.2082;2841821.042;540;aluvion
563;13488.47696;367189.1947;2841834.331;540;aluvion
564;13512.4778;367209.1812;2841847.619;540;aluvion
565;13536.47865;367229.1678;2841860.907;540;aluvion
566;13560.4795;367249.1543;2841874.196;540;aluvion
567;13584.48035;367269.1408;2841887.484;540;aluvion
568;13608.4812;367289.1273;2841900.772;540;aluvion
569;13632.48205;367309.1138;2841914.061;540;aluvion
570;13656.4829;367329.1004;2841927.349;540;aluvion
571;13680.48375;367349.0869;2841940.637;540;aluvion
572;13704.48459;367369.0734;2841953.926;540;aluvion
573;13728.48544;367389.0599;2841967.214;540;aluvion
574;13752.48629;367409.0464;2841980.502;540;aluvion
575;13776.48714;367429.0329;2841993.791;540;aluvion
576;13800.48799;367449.0195;2842007.079;540;aluvion
577;13824.48884;367469.006;2842020.367;540;aluvion
578;13824.48884;367469.006;2842020.367;540;aluvion
;;;;;
;;;;;
;;;;;
;;;;;
;;;;;
;;;;;
;;;;;
;;;;;
;;;;;
;;;;;
;;;;;
;;;;;
;;;;;
;;;;;
;;;;;
;;;;;
;;;;;
;;;;;
;;;;;
;;;;;
;;;;;
;;;;;
;;;;;
;;;;;
;;;;;
;;;;;
;;;;;
;;;;;
;;;;;
;;;;;
;;;;;
;;;;;
;;;;;
;;;;;
;;;;;
;;;;;
;;;;;
;;;;;
;;;;;
;;;;;
;;;;;
;;;;;
;;;;;
;;;;;
;;;;;
;;;;;
;;;;;
;;;;;
;;;;;
;;;;;
;;;;;
;;;;;
;;;;;
;;;;;
;;;;;
;;;;;
;;;;;
;;;;;
;;;;;
;;;;;
;;;;;
;;;;;
;;;;;
;;;;;
;;;;;
;;;;;
;;;;;
;;;;;
;;;;;
;;;;;
;;;;;
;;;;;
;;;;;
;;;;;
;;;;;
;;;;;
;;;;;
;;;;;
;;;;;
;;;;;
;;;;;
;;;;;
;;;;;
;;;;;
;;;;;
;;;;;
;;;;;
;;;;;
;;;;;
;;;;;
;;;;;
;;;;;
;;;;;
;;;;;
;;;;;
;;;;;
;;;;;
;;;;;
;;;;;
;;;;;
;;;;;
;;;;;
;;;;;
;;;;;
;;;;;
;;;;;
;;;;;
;;;;;
;;;;;
;;;;;
;;;;;
;;;;;
;;;;;
;;;;;
;;;;;
;;;;;
;;;;;
;;;;;
;;;;;
;;;;;
;;;;;
;;;;;
;;;;;
;;;;;
;;;;;
;;;;;
;;;;;
;;;;;
;;;;;
;;;;;
;;;;;
;;;;;
;;;;;
;;;;;
;;;;;
;;;;;
;;;;;
;;;;;
;;;;;
;;;;;
;;;;;
;;;;;
;;;;;
;;;;;
;;;;;
;;;;;
;;;;;
;;;;;
;;;;;
;;;;;
;;;;;
;;;;;
;;;;;
;;;;;
;;;;;
;;;;;
;;;;;
;;;;;
;;;;;
;;;;;
;;;;;
;;;;;
;;;;;
;;;;;
;;;;;
;;;;;
;;;;;
;;;;;
;;;;;
;;;;;
;;;;;
;;;;;
;;;;;
;;;;;
;;;;;
;;;;;
;;;;;
;;;;;
;;;;;
;;;;;
;;;;;
;;;;;
;;;;;
;;;;;
;;;;;
;;;;;
;;;;;
;;;;;
;;;;;
;;;;;
;;;;;
;;;;;
;;;;;
;;;;;
;;;;;
;;;;;
;;;;;
;;;;;
;;;;;
;;;;;
;;;;;
;;;;;
;;;;;
;;;;;
;;;;;
;;;;;
;;;;;
;;;;;
;;;;;
;;;;;
;;;;;
;;;;;
;;;;;
;;;;;
;;;;;
;;;;;
;;;;;
;;;;;
;;;;;
;;;;;
;;;;;
;;;;;
;;;;;
;;;;;
;;;;;
;;;;;
;;;;;
;;;;;
;;;;;
;;;;;
;;;;;
;;;;;
;;;;;
;;;;;
;;;;;
;;;;;
;;;;;
;;;;;
;;;;;
;;;;;
;;;;;
;;;;;
;;;;;
;;;;;
;;;;;
;;;;;
;;;;;
;;;;;
;;;;;
;;;;;
;;;;;
;;;;;
;;;;;
;;;;;
;;;;;
;;;;;
;;;;;
;;;;;
;;;;;
;;;;;
;;;;;
;;;;;
;;;;;
;;;;;
;;;;;
;;;;;
;;;;;
;;;;;
;;;;;
;;;;;
;;;;;
;;;;;
;;;;;
;;;;;
;;;;;
;;;;;
;;;;;
;;;;;
;;;;;
;;;;;
;;;;;
;;;;;
;;;;;
;;;;;
;;;;;
;;;;;
;;;;;
;;;;;
;;;;;
;;;;;
;;;;;
;;;;;
;;;;;
;;;;;
;;;;;
;;;;;
;;;;;
;;;;;
;;;;;
;;;;;
;;;;;
;;;;;
;;;;;
;;;;;
;;;;;
;;;;;
;;;;;
;;;;;
;;;;;
;;;;;
;;;;;
;;;;;
;;;;;
;;;;;
;;;;;
;;;;;
;;;;;
;;;;;
;;;;;
;;;;;
;;;;;
;;;;;
;;;;;
;;;;;
;;;;;
;;;;;
;;;;;
;;;;;
;;;;;
;;;;;
;;;;;
;;;;;
;;;;;
;;;;;
;;;;;
;;;;;
;;;;;
;;;;;
;;;;;
;;;;;
;;;;;
;;;;;
;;;;;
;;;;;
;;;;;
;;;;;
;;;;;
;;;;;
;;;;;
;;;;;
;;;;;
;;;;;
;;;;;
;;;;;
;;;;;
;;;;;
;;;;;
;;;;;
;;;;;
;;;;;
;;;;;
;;;;;
;;;;;
;;;;;
;;;;;
;;;;;
;;;;;
;;;;;
;;;;;
;;;;;
;;;;;
;;;;;
;;;;;
;;;;;
;;;;;
;;;;;
;;;;;
;;;;;
;;;;;
;;;;;
;;;;;
;;;;;
;;;;;
;;;;;
;;;;;
;;;;;
;;;;;
;;;;;
;;;;;
;;;;;
;;;;;
;;;;;
;;;;;
;;;;;
;;;;;
;;;;;
;;;;;
;;;;;
;;;;;
;;;;;
;;;;;
;;;;;
;;;;;
;;;;;
;;;;;
;;;;;
;;;;;
;;;;;
;;;;;
;;;;;
;;;;;
;;;;;
;;;;;
;;;;;
;;;;;
;;;;;
;;;;;
;;;;;
;;;;;
;;;;;
;;;;;
